Bin	Gene ID	EC#	HMMER	dbCAN_sub	DIAMOND	Signalp	#ofTools	Oral_site
ERS11702751.bin.r.2	GOEGOH_04815	-	GT4(28-174)	GT4_e3262	-	N	2	AC
ERS11702751.bin.r.2	GOEGOH_01995	-	-	GT2	-	N	1	AC
ERS11702751.bin.r.2	GOEGOH_04470	-	-	GT66_e20	-	N	1	AC
ERS11702751.bin.r.2	GOEGOH_00060	-	-	-	GH28	N	1	AC
ERS11702751.bin.r.2	GOEGOH_00460	-	-	-	GT66	N	1	AC
ERS11702751.bin.r.2	GOEGOH_02040	-	-	-	GT83	N	1	AC
ERS11702751.bin.r.2	GOEGOH_02735	-	-	-	GH13_23	N	1	AC
ERS3774415.bin.r.1	ONKGGB_00265	-|-	GT2(5-133)+GT2(321-448)	GT2+GT2	GT2	N	3	AC
ERS3774415.bin.r.1	ONKGGB_00745	-	GT4(185-324)	GT4_e2752	GT4	N	3	AC
ERS3774415.bin.r.1	ONKGGB_00750	-	GT4(203-344)	GT4_e3262	GT4	N	3	AC
ERS3774415.bin.r.1	ONKGGB_05105	-	AA4(7-240)	AA4_e1	-	N	2	AC
ERS3774415.bin.r.1	ONKGGB_00220	-	-	-	GH130	N	1	AC
ERS3774415.bin.r.1	ONKGGB_02045	-	-	-	GH28	N	1	AC
ERS3774415.bin.r.1	ONKGGB_02665	-	-	-	GH13_31	N	1	AC
ERS3774415.bin.r.1	ONKGGB_03250	-	-	-	CBM50	N	1	AC
ERS3774415.bin.r.1	ONKGGB_03395	-	-	-	GH13_23	N	1	AC
ERS3774417.bin.r.1	AICBEG_00885	-	GT66(63-514)	GT66_e20	GT66	N	3	AC
ERS3774417.bin.r.1	AICBEG_02955	-	AA4(7-240)	AA4_e1	-	N	2	AC
ERS3774417.bin.r.1	AICBEG_03020	1.1.3.38:1	AA4(5-205)	AA4_e0	-	N	2	AC
ERS3774417.bin.r.1	AICBEG_03365	-	GT2(10-130)	GT2	-	N	2	AC
ERS3774417.bin.r.1	AICBEG_03380	-|-	GT2(6-127)+GT2(322-448)	GT2+GT2	-	N	2	AC
ERS3774417.bin.r.1	AICBEG_05135	-	GT2(149-366)	GT2	GT2	N	3	AC
ERS3774417.bin.r.1	AICBEG_05155	-	GT2(6-166)	GT2	GT2	N	3	AC
ERS3774417.bin.r.1	AICBEG_06585	-	GT4(97-236)	GT4_e2752	GT4	N	3	AC
ERS3774417.bin.r.1	AICBEG_06410	-	-	GT1_e385	-	N	1	AC
ERS3774417.bin.r.1	AICBEG_00050	-	-	-	GT2	N	1	AC
ERS3774417.bin.r.1	AICBEG_00395	-	-	-	CBM50	N	1	AC
ERS3774417.bin.r.1	AICBEG_00850	-	-	-	GT7	N	1	AC
ERS3774417.bin.r.1	AICBEG_02615	-	-	-	GT83	N	1	AC
ERS3774417.bin.r.1	AICBEG_03245	-	-	-	GH130	N	1	AC
ERS3774417.bin.r.1	AICBEG_03700	-	-	-	GH28	N	1	AC
ERS3774417.bin.r.1	AICBEG_04355	-	-	-	GH13_23	N	1	AC
ERS3774417.bin.r.1	AICBEG_05950	-	-	-	GH13_31	N	1	AC
ERS3774418.bin.r.1	IOLIDD_03635	-	GT4(5-117)	GT4_e2752	-	N	2	AC
ERS3774418.bin.r.1	IOLIDD_04900	-	-	GT1_e385	-	N	1	AC
ERS3774418.bin.r.1	IOLIDD_00440	-	-	-	GH13_31	N	1	AC
ERS3774418.bin.r.1	IOLIDD_00540	-	-	-	GH130	N	1	AC
ERS3774419.bin.r.15	CDDDOE_00800	-	AA4(7-240)	AA4_e1	-	N	2	AC
ERS3774419.bin.r.15	CDDDOE_02420	-	GT2(10-127)	GT2	-	N	2	AC
ERS3774419.bin.r.15	CDDDOE_02485	-|-	GT2(5-131)+GT2(321-443)	GT2+GT2	GT2	N	3	AC
ERS3774419.bin.r.15	CDDDOE_02510	-	GT2(139-354)	GT2	GT2	N	3	AC
ERS3774419.bin.r.15	CDDDOE_02520	-	GT2(6-165)	GT2	GT2	N	3	AC
ERS3774419.bin.r.15	CDDDOE_03800	1.1.3.38:1	AA4(5-205)	AA4_e0	-	N	2	AC
ERS3774419.bin.r.15	CDDDOE_04375	-	GT4(197-339)	GT4_e3262	GT4	N	3	AC
ERS3774419.bin.r.15	CDDDOE_04380	-	GT4(185-324)	GT4_e2752	GT4	N	3	AC
ERS3774419.bin.r.15	CDDDOE_04475	-	GT2(8-139)	GT2	GT2	N	3	AC
ERS3774419.bin.r.15	CDDDOE_05395	-	GT66(81-524)	GT66_e20	GT66	N	3	AC
ERS3774419.bin.r.15	CDDDOE_02335	-	-	GT1_e385	-	N	1	AC
ERS3774419.bin.r.15	CDDDOE_00605	-	-	-	GH28	N	1	AC
ERS3774419.bin.r.15	CDDDOE_01195	-	-	-	GT83	N	1	AC
ERS3774419.bin.r.15	CDDDOE_01650	-	-	-	CBM50	N	1	AC
ERS3774419.bin.r.15	CDDDOE_01985	-	-	-	GH13_23	N	1	AC
ERS3774419.bin.r.15	CDDDOE_03415	-	-	-	GT2	N	1	AC
ERS3774419.bin.r.15	CDDDOE_04180	-	-	-	GH130	N	1	AC
ERS3774419.bin.r.15	CDDDOE_04490	-	-	-	GH13_31	N	1	AC
ERS3774419.bin.r.15	CDDDOE_05430	-	-	-	GT7	N	1	AC
ERS3774421.bin.r.2	KCHKFN_00395	-	GT2(8-139)	GT2	GT2	N	3	AC
ERS3774421.bin.r.2	KCHKFN_02335	-	AA4(7-240)	AA4_e1	-	N	2	AC
ERS3774421.bin.r.2	KCHKFN_03935	-	GT2(10-127)	GT2	-	N	2	AC
ERS3774421.bin.r.2	KCHKFN_04000	-|-	GT2(5-131)+GT2(321-443)	GT2+GT2	GT2	N	3	AC
ERS3774421.bin.r.2	KCHKFN_04025	-	GT2(149-364)	GT2	GT2	N	3	AC
ERS3774421.bin.r.2	KCHKFN_04040	-	GT2(6-165)	GT2	GT2	N	3	AC
ERS3774421.bin.r.2	KCHKFN_04325	-	GT66(81-524)	GT66_e20	GT66	N	3	AC
ERS3774421.bin.r.2	KCHKFN_04875	-	GT4(197-339)	GT4_e3262	GT4	N	3	AC
ERS3774421.bin.r.2	KCHKFN_04880	-	GT4(185-324)	GT4_e2752	GT4	N	3	AC
ERS3774421.bin.r.2	KCHKFN_06250	1.1.3.38:1	AA4(5-205)	AA4_e0	-	N	2	AC
ERS3774421.bin.r.2	KCHKFN_03840	-	-	GT1_e385	-	N	1	AC
ERS3774421.bin.r.2	KCHKFN_00180	-	-	-	GT47	N	1	AC
ERS3774421.bin.r.2	KCHKFN_00410	-	-	-	GH13_31	N	1	AC
ERS3774421.bin.r.2	KCHKFN_00935	-	-	-	GT2	N	1	AC
ERS3774421.bin.r.2	KCHKFN_01805	-	-	-	GH28	N	1	AC
ERS3774421.bin.r.2	KCHKFN_02735	-	-	-	GT83	N	1	AC
ERS3774421.bin.r.2	KCHKFN_03365	-	-	-	GH13_23	N	1	AC
ERS3774421.bin.r.2	KCHKFN_04360	-	-	-	GT7	N	1	AC
ERS3774421.bin.r.2	KCHKFN_04675	-	-	-	GH130	N	1	AC
ERS3774421.bin.r.2	KCHKFN_05395	-	-	-	CBM50	N	1	AC
ERS3774422.bin.r.23	BGDOFJ_00180	-	GT2(8-139)	GT2	GT2	N	3	AC
ERS3774422.bin.r.23	BGDOFJ_01490	-	AA4(7-240)	AA4_e1	-	N	2	AC
ERS3774422.bin.r.23	BGDOFJ_02050	-	GT66(81-524)	GT66_e20	GT66	N	3	AC
ERS3774422.bin.r.23	BGDOFJ_04375	1.1.3.38:1	AA4(5-205)	AA4_e0	-	N	2	AC
ERS3774422.bin.r.23	BGDOFJ_05490	-	GT2(10-127)	GT2	-	N	2	AC
ERS3774422.bin.r.23	BGDOFJ_05555	-|-	GT2(5-131)+GT2(321-443)	GT2+GT2	GT2	N	3	AC
ERS3774422.bin.r.23	BGDOFJ_05580	-	GT2(139-354)	GT2	GT2	N	3	AC
ERS3774422.bin.r.23	BGDOFJ_05590	-	GT2(6-165)	GT2	GT2	N	3	AC
ERS3774422.bin.r.23	BGDOFJ_07655	-	GT4(185-324)	GT4_e2752	GT4	N	3	AC
ERS3774422.bin.r.23	BGDOFJ_07660	-	GT4(197-339)	GT4_e3262	GT4	N	3	AC
ERS3774422.bin.r.23	BGDOFJ_05405	-	-	GT1_e385	-	N	1	AC
ERS3774422.bin.r.23	BGDOFJ_00195	-	-	-	GH13_31	N	1	AC
ERS3774422.bin.r.23	BGDOFJ_01135	-	-	-	CBM50	N	1	AC
ERS3774422.bin.r.23	BGDOFJ_01890	-	-	-	GT83	N	1	AC
ERS3774422.bin.r.23	BGDOFJ_02085	-	-	-	GT7	N	1	AC
ERS3774422.bin.r.23	BGDOFJ_02405	-	-	-	GH130	N	1	AC
ERS3774422.bin.r.23	BGDOFJ_02985	-	-	-	GH28	N	1	AC
ERS3774422.bin.r.23	BGDOFJ_06595	-	-	-	GH13_23	N	1	AC
ERS3774422.bin.r.23	BGDOFJ_06680	-	-	-	GT2	N	1	AC
ERS3774422.bin.r.23	BGDOFJ_07145	-	-	-	GT47	N	1	AC
ERS3774423.bin.r.1	DAGHOC_01500	-	AA4(7-240)	AA4_e1	-	N	2	AC
ERS3774423.bin.r.1	DAGHOC_01785	1.1.3.38:1	AA4(5-205)	AA4_e0	-	N	2	AC
ERS3774423.bin.r.1	DAGHOC_02785	-	GT4(185-324)	GT4_e2752	GT4	N	3	AC
ERS3774423.bin.r.1	DAGHOC_02790	-	GT4(197-339)	GT4_e3262	GT4	N	3	AC
ERS3774423.bin.r.1	DAGHOC_03625	-	GT66(81-524)	GT66_e20	GT66	N	3	AC
ERS3774423.bin.r.1	DAGHOC_05350	-	GT2(8-139)	GT2	GT2	N	3	AC
ERS3774423.bin.r.1	DAGHOC_05555	-	GT2(10-127)	GT2	-	N	2	AC
ERS3774423.bin.r.1	DAGHOC_05460	-	-	GT1_e385	-	N	1	AC
ERS3774423.bin.r.1	DAGHOC_00465	-	-	-	GT2	N	1	AC
ERS3774423.bin.r.1	DAGHOC_02215	-	-	-	GH13_23	N	1	AC
ERS3774423.bin.r.1	DAGHOC_02985	-	-	-	GH130	N	1	AC
ERS3774423.bin.r.1	DAGHOC_03210	-	-	-	GT47	N	1	AC
ERS3774423.bin.r.1	DAGHOC_03660	-	-	-	GT7	N	1	AC
ERS3774423.bin.r.1	DAGHOC_04170	-	-	-	CBM50	N	1	AC
ERS3774423.bin.r.1	DAGHOC_05335	-	-	-	GH13_31	N	1	AC
ERS3774423.bin.r.1	DAGHOC_07155	-	-	-	GH28	N	1	AC
ERS3774425.bin.r.5	MAEMFH_00540	-	GT2(8-139)	GT2	GT2	N	3	AC
ERS3774425.bin.r.5	MAEMFH_03470	-	GT2(6-165)	GT2	GT2	N	3	AC
ERS3774425.bin.r.5	MAEMFH_03485	-	GT2(139-354)	GT2	GT2	N	3	AC
ERS3774425.bin.r.5	MAEMFH_03510	-|-	GT2(5-131)+GT2(321-443)	GT2+GT2	GT2	N	3	AC
ERS3774425.bin.r.5	MAEMFH_03580	-	GT2(10-127)	GT2	-	N	2	AC
ERS3774425.bin.r.5	MAEMFH_04770	1.1.3.38:1	AA4(5-205)	AA4_e0	-	N	2	AC
ERS3774425.bin.r.5	MAEMFH_04870	-	GT4(185-324)	GT4_e2752	GT4	N	3	AC
ERS3774425.bin.r.5	MAEMFH_04875	-	GT4(197-339)	GT4_e3262	GT4	N	3	AC
ERS3774425.bin.r.5	MAEMFH_06020	-	GT66(70-513)	GT66_e20	GT66	N	3	AC
ERS3774425.bin.r.5	MAEMFH_06250	-	AA4(7-240)	AA4_e1	-	N	2	AC
ERS3774425.bin.r.5	MAEMFH_03665	-	-	GT1_e385	-	N	1	AC
ERS3774425.bin.r.5	MAEMFH_00525	-	-	-	GH13_31	N	1	AC
ERS3774425.bin.r.5	MAEMFH_02185	-	-	-	CBM50	N	1	AC
ERS3774425.bin.r.5	MAEMFH_02460	-	-	-	GT83	N	1	AC
ERS3774425.bin.r.5	MAEMFH_02855	-	-	-	GH130	N	1	AC
ERS3774425.bin.r.5	MAEMFH_05405	-	-	-	GH13_23	N	1	AC
ERS3774425.bin.r.5	MAEMFH_05985	-	-	-	GT7	N	1	AC
ERS3774425.bin.r.5	MAEMFH_07610	-	-	-	GH28	N	1	AC
ERS4042406.bin.r.14	LFHPID_00515	-	GT4(201-347)	GT4_e3262	GT4	N	3	AC
ERS4042406.bin.r.14	LFHPID_00520	-	GT4(185-324)	GT4_e2752	GT4	N	3	AC
ERS4042406.bin.r.14	LFHPID_02605	-	AA7(39-224)	AA4_e1	-	N	2	AC
ERS4042406.bin.r.14	LFHPID_02730	1.1.3.38:1	AA4(5-205)	AA4_e0	-	N	2	AC
ERS4042406.bin.r.14	LFHPID_03240	-	GT2(7-165)	GT2	GT2	N	3	AC
ERS4042406.bin.r.14	LFHPID_03255	-	GT2(139-355)	GT2	GT2	N	3	AC
ERS4042406.bin.r.14	LFHPID_03300	2.4.1.-:4|-	GT111(8-250)+GT8(276-517)	GT111_e0+GT8_e2	-	N	2	AC
ERS4042406.bin.r.14	LFHPID_03365	-	GT2(10-133)	GT2	-	N	2	AC
ERS4042406.bin.r.14	LFHPID_06000	-	GT66(72-511)	GT66_e20	GT66	N	3	AC
ERS4042406.bin.r.14	LFHPID_06430	-	-	GT1_e385	-	N	1	AC
ERS4042406.bin.r.14	LFHPID_06475	-	-	GT4_e804	GT4	N	2	AC
ERS4042406.bin.r.14	LFHPID_00350	-	-	-	GH130	N	1	AC
ERS4042406.bin.r.14	LFHPID_00400	-	-	-	CBM20	N	1	AC
ERS4042406.bin.r.14	LFHPID_01080	-	-	-	GT83	N	1	AC
ERS4042406.bin.r.14	LFHPID_01385	-	-	-	GH28	N	1	AC
ERS4042406.bin.r.14	LFHPID_01730	-	-	-	GT2	N	1	AC
ERS4042406.bin.r.14	LFHPID_03865	-	-	-	GH13_31	N	1	AC
ERS4042406.bin.r.14	LFHPID_05825	-	-	-	GH13_23	N	1	AC
ERS4042406.bin.r.14	LFHPID_05965	-	-	-	GT7	N	1	AC
ERS4042431.bin.r.7	KLGLDG_00435	-	AA7(39-224)	AA4_e1	-	N	2	AC
ERS4042431.bin.r.7	KLGLDG_05075	1.1.3.38:1	AA4(5-205)	AA4_e0	-	N	2	AC
ERS4042431.bin.r.7	KLGLDG_05270	-	GT2(1-129)	GT2	GT2	N	3	AC
ERS4042431.bin.r.7	KLGLDG_05285	-	GT2(53-214)	GT2	GT2	N	3	AC
ERS4042431.bin.r.7	KLGLDG_05630	-	GT4(201-347)	GT4_e3262	GT4	N	3	AC
ERS4042431.bin.r.7	KLGLDG_05635	-	GT4(185-324)	GT4_e2752	GT4	N	3	AC
ERS4042431.bin.r.7	KLGLDG_05255	-	-	GT4_e804	GT4	N	2	AC
ERS4042431.bin.r.7	KLGLDG_05420	-	-	GT1_e385	-	N	1	AC
ERS4042431.bin.r.7	KLGLDG_00085	-	-	-	GH28	N	1	AC
ERS4042431.bin.r.7	KLGLDG_01450	-	-	-	GT7	N	1	AC
ERS4042431.bin.r.7	KLGLDG_02815	-	-	-	GH13_31	N	1	AC
ERS4042431.bin.r.7	KLGLDG_02915	-	-	-	CBM20	N	1	AC
ERS4042431.bin.r.7	KLGLDG_02965	-	-	-	GH130	N	1	AC
ERS4042431.bin.r.7	KLGLDG_03630	-	-	-	GH13_23	N	1	AC
ERS4042431.bin.r.7	KLGLDG_04075	-	-	-	GT2	N	1	AC
ERS4042431.bin.r.7	KLGLDG_04660	-	-	-	GT83	N	1	AC
ERS6205396.bin.r.8	LEGIDG_00575	-	AA7(39-224)	AA4_e1	-	N	2	AC
ERS6205396.bin.r.8	LEGIDG_02525	-	GT2(7-165)	GT2	GT2	N	3	AC
ERS6205396.bin.r.8	LEGIDG_03895	-	GT2(10-133)	GT2	-	N	2	AC
ERS6205396.bin.r.8	LEGIDG_04145	1.1.3.38:1	AA4(5-205)	AA4_e0	-	N	2	AC
ERS6205396.bin.r.8	LEGIDG_06095	-	GT4(63-202)	GT4_e2752	GT4	N	3	AC
ERS6205396.bin.r.8	LEGIDG_03930	-	-	GT1_e385	-	N	1	AC
ERS6205396.bin.r.8	LEGIDG_00645	-	-	-	GH28	N	1	AC
ERS6205396.bin.r.8	LEGIDG_00940	-	-	-	GT7	N	1	AC
ERS6256726.bin.r.5	KMDALA_00475	-	AA7(39-224)	AA4_e1	-	N	2	AC
ERS6256726.bin.r.5	KMDALA_01185	-	GT2(10-133)	GT2	-	N	2	AC
ERS6256726.bin.r.5	KMDALA_01525	-	GT2(7-165)	GT2	GT2	N	3	AC
ERS6256726.bin.r.5	KMDALA_03990	-	GT4(185-324)	GT4_e2752	GT4	N	3	AC
ERS6256726.bin.r.5	KMDALA_01840	-	-	GT4_e804	-	N	1	AC
ERS6256726.bin.r.5	KMDALA_02035	-	-	GT1_e385	-	N	1	AC
ERS6256726.bin.r.5	KMDALA_00055	-	-	-	GT7	N	1	AC
ERS6256726.bin.r.5	KMDALA_00160	-	-	-	GH28	N	1	AC
ERS6256726.bin.r.5	KMDALA_00315	-	-	-	GH130	N	1	AC
ERS6256726.bin.r.5	KMDALA_00535	-	-	-	GT83	N	1	AC
ERS6256726.bin.r.5	KMDALA_00570	-	-	-	CBM20	N	1	AC
ERS6636099.bin.r.13	NIHPPE_02150	1.1.3.38:1	AA4(5-205)	AA4_e0	-	N	2	AC
ERS6636099.bin.r.13	NIHPPE_04430	-	GT4(185-331)	GT4_e3262	GT4	N	3	AC
ERS6636099.bin.r.13	NIHPPE_00635	-	-	GT4_e804	GT4	N	2	AC
ERS6636099.bin.r.13	NIHPPE_00730	-	-	GT1_e385	-	N	1	AC
ERS6636099.bin.r.13	NIHPPE_00700	-	-	-	GH130	N	1	AC
ERS6636099.bin.r.13	NIHPPE_03770	-	-	-	GT83	N	1	AC
ERSX0003002.bin.r.41	OOIFBO_00510	-	AA7(39-224)	AA4_e1	-	N	2	AC
ERSX0003002.bin.r.41	OOIFBO_01820	-	GT2(139-355)	GT2	GT2	N	3	AC
ERSX0003002.bin.r.41	OOIFBO_01835	-	GT2(7-165)	GT2	GT2	N	3	AC
ERSX0003002.bin.r.41	OOIFBO_02015	-	GT66(72-511)	GT66_e20	GT66	N	3	AC
ERSX0003002.bin.r.41	OOIFBO_03100	1.1.3.38:1	AA4(5-205)	AA4_e0	-	N	2	AC
ERSX0003002.bin.r.41	OOIFBO_04605	-	GT4(198-344)	GT4_e3262	GT4	N	3	AC
ERSX0003002.bin.r.41	OOIFBO_05590	-	GT2(10-133)	GT2	-	N	2	AC
ERSX0003002.bin.r.41	OOIFBO_02945	-	-	GT1_e385	-	N	1	AC
ERSX0003002.bin.r.41	OOIFBO_06110	-	-	GT4_e804	GT4	N	2	AC
ERSX0003002.bin.r.41	OOIFBO_00685	-	-	-	GH130	N	1	AC
ERSX0003002.bin.r.41	OOIFBO_01290	-	-	-	GT83	N	1	AC
ERSX0003002.bin.r.41	OOIFBO_01765	-	-	-	GH28	N	1	AC
ERSX0003002.bin.r.41	OOIFBO_02760	-	-	-	GH13_23	N	1	AC
ERSX0003002.bin.r.41	OOIFBO_03040	-	-	-	GH13_31	N	1	AC
ERSX0003002.bin.r.41	OOIFBO_04330	-	-	-	GT7	N	1	AC
ERSX0003003.bin.r.42	LJOHNM_02615	1.1.3.38:1	AA4(5-205)	AA4_e0	-	N	2	AC
ERSX0003003.bin.r.42	LJOHNM_05335	-	GT2(2-158)	GT2	GT2	N	3	AC
ERSX0003003.bin.r.42	LJOHNM_05475	-	GT4(201-347)	GT4_e3262	GT4	N	3	AC
ERSX0003003.bin.r.42	LJOHNM_01020	-	-	GT1_e385	-	N	1	AC
ERSX0003003.bin.r.42	LJOHNM_04575	-	-	GT4_e804	GT4	N	2	AC
ERSX0003003.bin.r.42	LJOHNM_00910	-	-	-	GT7	N	1	AC
ERSX0003003.bin.r.42	LJOHNM_01580	-	-	-	GH130	N	1	AC
ERSX0003003.bin.r.42	LJOHNM_02040	-	-	-	GH13_23	N	1	AC
ERSX0004024.bin.r.1	BLKKDE_00410	-	GT2(10-131)	GT2	-	N	2	AC
ERSX0004024.bin.r.1	BLKKDE_03460	-	GT4(2-91)	GT4_e2752	-	N	2	AC
ERSX0004024.bin.r.1	BLKKDE_00125	-	-	GT4_e804	-	N	1	AC
ERSX0004024.bin.r.1	BLKKDE_02175	-	-	GT2	-	N	1	AC
ERSX0004024.bin.r.1	BLKKDE_01445	-	-	-	GT7	N	1	AC
ERSX0004070.bin.r.2	KCODLM_02190	-	GT4(201-347)	GT4_e3262	GT4	N	3	AC
ERSX0004070.bin.r.2	KCODLM_02290	-	GT66(72-511)	GT66_e20	GT66	N	3	AC
ERSX0004070.bin.r.2	KCODLM_02800	1.1.3.38:1	AA4(5-205)	AA4_e0	-	N	2	AC
ERSX0004070.bin.r.2	KCODLM_05000	-	GT2(5-145)	GT2	GT2	N	3	AC
ERSX0004070.bin.r.2	KCODLM_05630	-	AA7(39-224)	AA4_e1	-	N	2	AC
ERSX0004070.bin.r.2	KCODLM_05750	-	GT2(139-355)	GT2	GT2	N	3	AC
ERSX0004070.bin.r.2	KCODLM_06175	-	GT4(97-236)	GT4_e2752	GT4	N	3	AC
ERSX0004070.bin.r.2	KCODLM_06775	-	GT2(10-131)	GT2	-	N	2	AC
ERSX0004070.bin.r.2	KCODLM_04940	-	-	GT1_e385	-	N	1	AC
ERSX0004070.bin.r.2	KCODLM_04985	-	-	GT4_e804	GT4	N	2	AC
ERSX0004070.bin.r.2	KCODLM_00340	-	-	-	GH28	N	1	AC
ERSX0004070.bin.r.2	KCODLM_01360	-	-	-	GT83	N	1	AC
ERSX0004070.bin.r.2	KCODLM_02030	-	-	-	GH130	N	1	AC
ERSX0004070.bin.r.2	KCODLM_02080	-	-	-	CBM20	N	1	AC
ERSX0004070.bin.r.2	KCODLM_02325	-	-	-	GT7	N	1	AC
ERSX0004070.bin.r.2	KCODLM_03445	-	-	-	CBM50	N	1	AC
ERSX0004070.bin.r.2	KCODLM_04320	-	-	-	GH13_23	N	1	AC
ERSX0004070.bin.r.2	KCODLM_05480	-	-	-	GH13_31	N	1	AC
ERSX0004070.bin.r.2	KCODLM_05765	-	-	-	GT2	N	1	AC
ERSX0004102.bin.r.8	BHOEHD_00690	-	AA7(39-224)	AA4_e1	-	N	2	AC
ERSX0004102.bin.r.8	BHOEHD_01295	-	GT4(185-324)	GT4_e2752	GT4	N	3	AC
ERSX0004102.bin.r.8	BHOEHD_01300	-	GT4(201-347)	GT4_e3262	GT4	N	3	AC
ERSX0004102.bin.r.8	BHOEHD_05855	-	GT66(72-511)	GT66_e20	GT66	N	3	AC
ERSX0004102.bin.r.8	BHOEHD_01030	-	-	-	GT83	N	1	AC
ERSX0004102.bin.r.8	BHOEHD_01410	-	-	-	CBM20	N	1	AC
ERSX0004102.bin.r.8	BHOEHD_01460	-	-	-	GH130	N	1	AC
ERSX0004102.bin.r.8	BHOEHD_02280	-	-	-	GT66	N	1	AC
ERSX0004102.bin.r.8	BHOEHD_02360	-	-	-	GH28	N	1	AC
ERSX0004102.bin.r.8	BHOEHD_04145	-	-	-	GT2	N	1	AC
ERSX0004102.bin.r.8	BHOEHD_04685	-	-	-	GH13_23	N	1	AC
ERSX0004102.bin.r.8	BHOEHD_05425	-	-	-	GH13_31	N	1	AC
ERSX0004102.bin.r.8	BHOEHD_05820	-	-	-	GT7	N	1	AC
SRS15300787.bin.r.9	MJKEDL_01100	-	GT4(198-344)	GT4_e3262	GT4	N	3	AC
SRS15300787.bin.r.9	MJKEDL_01230	-	GT2(1-129)	GT2	GT2	N	3	AC
SRS15300787.bin.r.9	MJKEDL_03755	2.4.1.25:21	GH77(13-233)	GH77_e26	-	N	2	AC
SRS15300787.bin.r.9	MJKEDL_00500	-	-	GT1_e385	-	N	1	AC
SRS15300787.bin.r.9	MJKEDL_01245	-	-	GT4_e804	GT4	N	2	AC
SRS15300787.bin.r.9	MJKEDL_00425	-	-	-	GH130	N	1	AC
SRS15300787.bin.r.9	MJKEDL_00455	-	-	-	GH13_31	N	1	AC
SRS15300787.bin.r.9	MJKEDL_00750	-	-	-	GT7	N	1	AC
SRS15300794.bin.r.11	DCPGCL_00640	-	AA7(39-224)	AA4_e1	-	N	2	AC
SRS15300794.bin.r.11	DCPGCL_03295	-	GT2(10-131)	GT2	-	N	2	AC
SRS15300794.bin.r.11	DCPGCL_04015	-	GT66(72-511)	GT66_e20	GT66	N	3	AC
SRS15300794.bin.r.11	DCPGCL_04525	1.1.3.38:1	AA4(5-205)	AA4_e0	-	N	2	AC
SRS15300794.bin.r.11	DCPGCL_05415	-	GT4(201-347)	GT4_e3262	GT4	N	3	AC
SRS15300794.bin.r.11	DCPGCL_05420	-	GT4(185-324)	GT4_e2752	GT4	N	3	AC
SRS15300794.bin.r.11	DCPGCL_06530	-	GT2(7-165)	GT2	GT2	N	3	AC
SRS15300794.bin.r.11	DCPGCL_05735	-	-	GT1_e385	-	N	1	AC
SRS15300794.bin.r.11	DCPGCL_06375	-	-	GT4_e804	GT4	N	2	AC
SRS15300794.bin.r.11	DCPGCL_00415	-	-	-	GH28	N	1	AC
SRS15300794.bin.r.11	DCPGCL_01555	-	-	-	GT2	N	1	AC
SRS15300794.bin.r.11	DCPGCL_01815	-	-	-	CBM50	N	1	AC
SRS15300794.bin.r.11	DCPGCL_02155	-	-	-	GT83	N	1	AC
SRS15300794.bin.r.11	DCPGCL_03070	-	-	-	GH130	N	1	AC
SRS15300794.bin.r.11	DCPGCL_03980	-	-	-	GT7	N	1	AC
SRS15300794.bin.r.11	DCPGCL_04135	-	-	-	CBM20	N	1	AC
SRS15300794.bin.r.11	DCPGCL_05360	-	-	-	GH13_31	N	1	AC
SRS15300794.bin.r.11	DCPGCL_06265	-	-	-	GH13_23	N	1	AC
SRS15300805.bin.r.9	JPFLAA_00300	1.1.3.38:1	AA4(5-205)	AA4_e0	-	N	2	AC
SRS15300805.bin.r.9	JPFLAA_01020	-	AA7(37-222)	AA4_e1	-	N	2	AC
SRS15300805.bin.r.9	JPFLAA_01595	-	GT2(10-131)	GT2	-	N	2	AC
SRS15300805.bin.r.9	JPFLAA_02615	-	GT2(2-158)	GT2	GT2	N	3	AC
SRS15300805.bin.r.9	JPFLAA_04745	-	GT4(92-238)	GT4_e3262	GT4	N	3	AC
SRS15300805.bin.r.9	JPFLAA_01960	-	-	GT66_e20	GT66	N	2	AC
SRS15300805.bin.r.9	JPFLAA_03980	-	-	GT2	-	N	1	AC
SRS15300805.bin.r.9	JPFLAA_02115	-	-	-	GT83	N	1	AC
SRS3078097.bin.r.3	FIDJIF_00775	-	AA7(39-224)	AA4_e1	-	N	2	AC
SRS3078097.bin.r.3	FIDJIF_01040	-	GT4(185-324)	GT4_e2752	GT4	N	3	AC
SRS3078097.bin.r.3	FIDJIF_01460	-	GT2(2-158)	GT2	GT2	N	3	AC
SRS3078097.bin.r.3	FIDJIF_03370	-	-	GT1_e385	-	N	1	AC
SRS3078097.bin.r.3	FIDJIF_01190	-	-	-	GT7	N	1	AC
SRS3078204.bin.r.8	DEBMBL_00395	1.1.3.38:1	AA4(5-205)	AA4_e0	-	N	2	AC
SRS3078204.bin.r.8	DEBMBL_02290	-	GT4(185-324)	GT4_e2752	GT4	N	3	AC
SRS3078204.bin.r.8	DEBMBL_02295	-	GT4(3-148)	GT4_e3262	-	N	2	AC
SRS3078204.bin.r.8	DEBMBL_02695	-	GT2(10-133)	GT2	-	N	2	AC
SRS3078204.bin.r.8	DEBMBL_05415	-	GT2(7-165)	GT2	GT2	N	3	AC
SRS3078204.bin.r.8	DEBMBL_01215	-	-	GT1_e385	-	N	1	AC
SRS3078204.bin.r.8	DEBMBL_03875	-	-	GT4_e804	GT4	N	2	AC
SRS3078204.bin.r.8	DEBMBL_04835	-	-	-	GH28	N	1	AC
SRS4625232.bin.r.9	GNFIAG_00040	-	GT4(185-324)	GT4_e2752	GT4	N	3	AC
SRS4625232.bin.r.9	GNFIAG_00045	-	GT4(197-339)	GT4_e3262	GT4	N	3	AC
SRS4625232.bin.r.9	GNFIAG_01775	-	GT2(3-129)	GT2	GT2	N	3	AC
SRS4625232.bin.r.9	GNFIAG_01825	-	GT2(6-165)	GT2	GT2	N	3	AC
SRS4625232.bin.r.9	GNFIAG_02330	-	AA4(7-240)	AA4_e1	-	N	2	AC
SRS4625232.bin.r.9	GNFIAG_02605	-	GT66(81-524)	GT66_e20	GT66	N	3	AC
SRS4625232.bin.r.9	GNFIAG_02705	-	GT2(10-127)	GT2	-	N	2	AC
SRS4625232.bin.r.9	GNFIAG_06145	1.1.3.38:1	AA4(5-205)	AA4_e0	-	N	2	AC
SRS4625232.bin.r.9	GNFIAG_07345	-	GT2(8-139)	GT2	GT2	N	3	AC
SRS4625232.bin.r.9	GNFIAG_02800	-	-	GT1_e385	-	N	1	AC
SRS4625232.bin.r.9	GNFIAG_00240	-	-	-	GH130	N	1	AC
SRS4625232.bin.r.9	GNFIAG_01405	-	-	-	GT83	N	1	AC
SRS4625232.bin.r.9	GNFIAG_03155	-	-	-	GH28	N	1	AC
SRS4625232.bin.r.9	GNFIAG_04285	-	-	-	GT7	N	1	AC
SRS4625232.bin.r.9	GNFIAG_05310	-	-	-	CBM50	N	1	AC
SRS4625232.bin.r.9	GNFIAG_05800	-	-	-	GT47	N	1	AC
SRS4625232.bin.r.9	GNFIAG_07195	-	-	-	GH13_23	N	1	AC
SRS4625232.bin.r.9	GNFIAG_07360	-	-	-	GH13_31	N	1	AC
SRS4625234.bin.r.7	JCLIPI_00010	-	GT2(10-127)	GT2	-	N	2	AC
SRS4625234.bin.r.7	JCLIPI_00030	-|-	GT2(6-133)+GT2(322-448)	GT2+GT2	-	N	2	AC
SRS4625234.bin.r.7	JCLIPI_00095	-	GT2(149-364)	GT2	GT2	N	3	AC
SRS4625234.bin.r.7	JCLIPI_01230	-	GT4(185-324)	GT4_e2752	GT4	N	3	AC
SRS4625234.bin.r.7	JCLIPI_01235	-	GT4(197-339)	GT4_e3262	GT4	N	3	AC
SRS4625234.bin.r.7	JCLIPI_02895	1.1.3.38:1	AA4(5-205)	AA4_e0	-	N	2	AC
SRS4625234.bin.r.7	JCLIPI_04395	-	AA4(7-240)	AA4_e1	-	N	2	AC
SRS4625234.bin.r.7	JCLIPI_07765	-	GT2(6-165)	GT2	GT2	N	3	AC
SRS4625234.bin.r.7	JCLIPI_07860	-	GT2(8-139)	GT2	GT2	N	3	AC
SRS4625234.bin.r.7	JCLIPI_06360	-	-	GT1_e385	-	N	1	AC
SRS4625234.bin.r.7	JCLIPI_02230	-	-	-	CBM50	N	1	AC
SRS4625234.bin.r.7	JCLIPI_02335	-	-	-	GH13_23	N	1	AC
SRS4625234.bin.r.7	JCLIPI_03410	-	-	-	GH130	N	1	AC
SRS4625234.bin.r.7	JCLIPI_04195	-	-	-	GT83	N	1	AC
SRS4625234.bin.r.7	JCLIPI_04440	-	-	-	GH28	N	1	AC
SRS4625234.bin.r.7	JCLIPI_04670	-	-	-	GT7	N	1	AC
SRS4625234.bin.r.7	JCLIPI_06325	-	-	-	GH13_31	N	1	AC
SRS4625234.bin.r.7	JCLIPI_07600	-	-	-	CBM20	N	1	AC
SRS4625240.bin.r.4	GEHDAC_00690	-	AA4(7-240)	AA4_e1	-	N	2	AC
SRS4625240.bin.r.4	GEHDAC_02470	-	GT4(5-117)	GT4_e2752	-	N	2	AC
SRS4625240.bin.r.4	GEHDAC_06320	-	GT2(8-139)	GT2	GT2	N	3	AC
SRS4625240.bin.r.4	GEHDAC_02710	-	-	GT1_e385	-	N	1	AC
SRS4625240.bin.r.4	GEHDAC_01135	-	-	-	GT7	N	1	AC
SRS4625240.bin.r.4	GEHDAC_02240	-	-	-	GH130	N	1	AC
SRS4625240.bin.r.4	GEHDAC_04500	-	-	-	GH13_31	N	1	AC
SRS4625240.bin.r.4	GEHDAC_05475	-	-	-	GT47	N	1	AC
SRS4625240.bin.r.4	GEHDAC_06105	-	-	-	GH13_23	N	1	AC
SRS4625241.bin.r.3	LFAIDA_01585	-	GT2(6-165)	GT2	GT2	N	3	AC
SRS4625241.bin.r.3	LFAIDA_01600	-	GT2(149-364)	GT2	GT2	N	3	AC
SRS4625241.bin.r.3	LFAIDA_02805	-	GT2(8-139)	GT2	GT2	N	3	AC
SRS4625241.bin.r.3	LFAIDA_04200	-	AA4(7-240)	AA4_e1	-	N	2	AC
SRS4625241.bin.r.3	LFAIDA_04705	1.1.3.38:1	AA4(5-205)	AA4_e0	-	N	2	AC
SRS4625241.bin.r.3	LFAIDA_07530	-	GT4(185-324)	GT4_e2752	GT4	N	3	AC
SRS4625241.bin.r.3	LFAIDA_05845	-	-	GT1_e385	-	N	1	AC
SRS4625241.bin.r.3	LFAIDA_00325	-	-	-	GH13_23	N	1	AC
SRS4625241.bin.r.3	LFAIDA_02790	-	-	-	GH13_31	N	1	AC
SRS4625241.bin.r.3	LFAIDA_03650	-	-	-	GH28	N	1	AC
SRS4625241.bin.r.3	LFAIDA_04615	-	-	-	GT7	N	1	AC
SRS4625241.bin.r.3	LFAIDA_06155	-	-	-	CBM50	N	1	AC
SRS4625244.bin.r.9	HCJLCF_00065	-|-	GT2(5-131)+GT2(321-443)	GT2+GT2	GT2	N	3	AC
SRS4625244.bin.r.9	HCJLCF_01680	-	GT2(2-161)	GT2	GT2	N	3	AC
SRS4625244.bin.r.9	HCJLCF_02820	-	AA4(7-240)	AA4_e1	-	N	2	AC
SRS4625244.bin.r.9	HCJLCF_03345	-	GT4(185-324)	GT4_e2752	GT4	N	3	AC
SRS4625244.bin.r.9	HCJLCF_03350	-	GT4(87-229)	GT4_e3262	-	N	2	AC
SRS4625244.bin.r.9	HCJLCF_06065	-	GT2(8-139)	GT2	GT2	N	3	AC
SRS4625244.bin.r.9	HCJLCF_01305	-	-	GT1_e385	-	N	1	AC
SRS4625244.bin.r.9	HCJLCF_00905	-	-	-	GH130	N	1	AC
SRS4625244.bin.r.9	HCJLCF_02030	-	-	-	GH28	N	1	AC
SRS4625244.bin.r.9	HCJLCF_02305	-	-	-	GT7	N	1	AC
SRS4625245.bin.r.7	JIDHIC_01725	-	GT2(2-161)	GT2	GT2	N	3	AC
SRS4625245.bin.r.7	JIDHIC_02360	-	GT2(8-139)	GT2	GT2	N	3	AC
SRS4625245.bin.r.7	JIDHIC_02900	-	GT4(197-339)	GT4_e3262	GT4	N	3	AC
SRS4625245.bin.r.7	JIDHIC_02905	-	GT4(185-324)	GT4_e2752	GT4	N	3	AC
SRS4625245.bin.r.7	JIDHIC_02940	-	GT2(139-354)	GT2	GT2	N	3	AC
SRS4625245.bin.r.7	JIDHIC_04260	-	-	-	GT83	N	1	AC
SRS4625246.bin.r.8	IIEJFC_01005	-	GT4(97-236)	GT4_e2752	GT4	N	3	AC
SRS4625246.bin.r.8	IIEJFC_01530	-	GT4(202-344)	GT4_e3262	GT4	N	3	AC
SRS4625246.bin.r.8	IIEJFC_01595	-	GT66(70-513)	GT66_e20	GT66	N	3	AC
SRS4625246.bin.r.8	IIEJFC_01695	-	GT2(2-161)	GT2	GT2	N	3	AC
SRS4625246.bin.r.8	IIEJFC_02190	1.1.3.38:1	AA4(5-205)	AA4_e0	-	N	2	AC
SRS4625246.bin.r.8	IIEJFC_02655	-	GT2(10-127)	GT2	-	N	2	AC
SRS4625246.bin.r.8	IIEJFC_03080	-	AA4(7-240)	AA4_e1	-	N	2	AC
SRS4625246.bin.r.8	IIEJFC_00625	-	-	-	CBM50	N	1	AC
SRS4625246.bin.r.8	IIEJFC_03755	-	-	-	GH13_31	N	1	AC
SRS4625246.bin.r.8	IIEJFC_05290	-	-	-	GH28	N	1	AC
SRS4625246.bin.r.8	IIEJFC_05360	-	-	-	GH13_23	N	1	AC
SRS4625247.bin.r.2	BKGNMM_00155	-	GT2(8-139)	GT2	GT2	N	3	AC
SRS4625247.bin.r.2	BKGNMM_04210	-	GT4(197-339)	GT4_e3262	GT4	N	3	AC
SRS4625247.bin.r.2	BKGNMM_04810	-	AA4(7-240)	AA4_e1	-	N	2	AC
SRS4625247.bin.r.2	BKGNMM_04965	-	GT2(10-127)	GT2	-	N	2	AC
SRS4625247.bin.r.2	BKGNMM_05970	-	GT4(2-136)	GT4_e2752	-	N	2	AC
SRS4625247.bin.r.2	BKGNMM_06710	-	-	GT1_e385	-	N	1	AC
SRS4625247.bin.r.2	BKGNMM_00170	-	-	-	GH13_31	N	1	AC
SRS4625247.bin.r.2	BKGNMM_02235	-	-	-	GH13_23	N	1	AC
SRS4625247.bin.r.2	BKGNMM_03865	-	-	-	GH130	N	1	AC
SRS4625247.bin.r.2	BKGNMM_04205	-	-	-	GT4	N	1	AC
SRS6212649.bin.r.8	FFIEME_01680	-	AA7(39-224)	AA4_e1	-	N	2	AC
SRS6212649.bin.r.8	FFIEME_02875	-	GT2(7-165)	GT2	GT2	N	3	AC
SRS6212649.bin.r.8	FFIEME_04055	1.1.3.38:1	AA4(5-205)	AA4_e0	-	N	2	AC
SRS6212649.bin.r.8	FFIEME_00505	-	-	-	GT7	N	1	AC
SRS6212649.bin.r.8	FFIEME_00575	-	-	-	GH28	N	1	AC
SRS6212649.bin.r.8	FFIEME_01105	-	-	-	GT83	N	1	AC
SRS6212649.bin.r.8	FFIEME_02315	-	-	-	GH13_31	N	1	AC
SRS6212649.bin.r.8	FFIEME_02580	-	-	-	GH130	N	1	AC
SRS6212649.bin.r.8	FFIEME_02695	-	-	-	CBM20	N	1	AC
SRS6212660.bin.r.2	FHDALD_00760	-	GT2(8-138)	GT2	GT2	N	3	AC
SRS6212660.bin.r.2	FHDALD_02515	-	GT4(185-324)	GT4_e2752	GT4	N	3	AC
SRS6212660.bin.r.2	FHDALD_02520	-	GT4(245-391)	GT4_e3262	GT4	N	3	AC
SRS6212660.bin.r.2	FHDALD_01145	-	-	GT2	-	N	1	AC
SRS6212660.bin.r.2	FHDALD_01160	-	-	GT4_e804	GT4	N	2	AC
SRS6212660.bin.r.2	FHDALD_00895	-	-	-	GH28	N	1	AC
SRS6212660.bin.r.2	FHDALD_01270	-	-	-	GT66	N	1	AC
SRS6212660.bin.r.2	FHDALD_01435	-	-	-	GT7	N	1	AC
SRS6212660.bin.r.2	FHDALD_01640	-	-	-	GT83	N	1	AC
SRS6212660.bin.r.2	FHDALD_03480	-	-	-	GH13_23	N	1	AC
SRS6212663.bin.r.6	GHMDAF_00210	-	AA7(37-222)	AA4_e1	-	N	2	AC
SRS6212663.bin.r.6	GHMDAF_01060	-	GT2(7-165)	GT2	GT2	N	3	AC
SRS6212663.bin.r.6	GHMDAF_01470	-	AA4(5-205)	AA4_e1	-	N	2	AC
SRS6212663.bin.r.6	GHMDAF_01655	-	GT2(8-138)	GT2	GT2	N	3	AC
SRS6212663.bin.r.6	GHMDAF_03045	-	GT2(10-131)	GT2	-	N	2	AC
SRS6212663.bin.r.6	GHMDAF_04110	-	GT2(3-219)	GT2	GT2	N	3	AC
SRS6212663.bin.r.6	GHMDAF_05165	-	GT4(2-88)	GT4_e3262	-	N	2	AC
SRS6212663.bin.r.6	GHMDAF_00610	-	-	GT1_e385	-	N	1	AC
SRS6212663.bin.r.6	GHMDAF_00110	-	-	-	GH28	N	1	AC
SRS6212663.bin.r.6	GHMDAF_00320	-	-	-	GT7	N	1	AC
SRS6212663.bin.r.6	GHMDAF_00560	-	-	-	GH13_23	N	1	AC
SRS6212663.bin.r.6	GHMDAF_00905	-	-	-	CBM20	N	1	AC
SRS6212663.bin.r.6	GHMDAF_01535	-	-	-	GH130	N	1	AC
ERS3395768.bin.r.15	MAGLGI_00035	-	AA7(39-224)	AA4_e1	-	N	2	MC
ERS3395768.bin.r.15	MAGLGI_03060	1.1.3.38:1	AA4(5-205)	AA4_e0	-	N	2	MC
ERS3395768.bin.r.15	MAGLGI_05345	-	GT2(149-365)	GT2	GT2	N	3	MC
ERS3395768.bin.r.15	MAGLGI_05365	-	GT2(7-165)	GT2	GT2	N	3	MC
ERS3395768.bin.r.15	MAGLGI_05840	-	GT4(185-324)	GT4_e2752	GT4	N	3	MC
ERS3395768.bin.r.15	MAGLGI_05845	-	GT4(201-347)	GT4_e3262	GT4	N	3	MC
ERS3395768.bin.r.15	MAGLGI_06630	-	GT2(10-133)	GT2	-	N	2	MC
ERS3395768.bin.r.15	MAGLGI_01435	-	-	GT66_e20	GT66	N	2	MC
ERS3395768.bin.r.15	MAGLGI_05380	-	-	GT4_e804	GT4	N	2	MC
ERS3395768.bin.r.15	MAGLGI_05425	-	-	GT1_e385	-	N	1	MC
ERS3395768.bin.r.15	MAGLGI_00415	-	-	-	GH28	N	1	MC
ERS3395768.bin.r.15	MAGLGI_00830	-	-	-	GH13_23	N	1	MC
ERS3395768.bin.r.15	MAGLGI_01470	-	-	-	GT7	N	1	MC
ERS3395768.bin.r.15	MAGLGI_03230	-	-	-	GH13_31	N	1	MC
ERS3395768.bin.r.15	MAGLGI_04425	-	-	-	GT2	N	1	MC
ERS3395768.bin.r.15	MAGLGI_05750	-	-	-	CBM50	N	1	MC
ERS3395768.bin.r.15	MAGLGI_05960	-	-	-	CBM20	N	1	MC
ERS3395768.bin.r.15	MAGLGI_06010	-	-	-	GH130	N	1	MC
CMC005.B.bin.r.19	HENBOC_00365	-	AA7(39-224)	AA4_e1	-	N	2	PQ
CMC005.B.bin.r.19	HENBOC_01370	-	GT2(10-133)	GT2	-	N	2	PQ
CMC005.B.bin.r.19	HENBOC_01395	-	GT2(5-133)	GT2	-	N	2	PQ
CMC005.B.bin.r.19	HENBOC_01400	-	GT2(5-148)	GT2	-	N	2	PQ
CMC005.B.bin.r.19	HENBOC_03310	-	GT66(72-511)	GT66_e20	GT66	N	3	PQ
CMC005.B.bin.r.19	HENBOC_04010	-	GT2(7-165)	GT2	GT2	N	3	PQ
CMC005.B.bin.r.19	HENBOC_04030	-	GT2(149-365)	GT2	GT2	N	3	PQ
CMC005.B.bin.r.19	HENBOC_05110	1.1.3.38:1	AA4(5-205)	AA4_e0	-	N	2	PQ
CMC005.B.bin.r.19	HENBOC_06310	-	GT4(198-344)	GT4_e3262	GT4	N	3	PQ
CMC005.B.bin.r.19	HENBOC_03950	-	-	GT1_e385	-	N	1	PQ
CMC005.B.bin.r.19	HENBOC_03995	-	-	GT4_e804	GT4	N	2	PQ
CMC005.B.bin.r.19	HENBOC_00005	-	-	-	GT83	N	1	PQ
CMC005.B.bin.r.19	HENBOC_00755	-	-	-	GH28	N	1	PQ
CMC005.B.bin.r.19	HENBOC_01095	-	-	-	GH13_23	N	1	PQ
CMC005.B.bin.r.19	HENBOC_02055	-	-	-	GH130	N	1	PQ
CMC005.B.bin.r.19	HENBOC_02105	-	-	-	CBM20	N	1	PQ
CMC005.B.bin.r.19	HENBOC_03345	-	-	-	GT7	N	1	PQ
CMC005.B.bin.r.19	HENBOC_05345	-	-	-	GT2	N	1	PQ
CMC005.B.bin.r.19	HENBOC_05570	-	-	-	GH13_31	N	1	PQ
CMC005.B.bin.r.19	HENBOC_05865	-	-	-	CBM50	N	1	PQ
CMC006.B.bin.r.29	LJMOAE_00160	-	GT66(72-511)	GT66_e20	GT66	N	3	PQ
CMC006.B.bin.r.29	LJMOAE_00475	-	AA7(39-224)	AA4_e1	-	N	2	PQ
CMC006.B.bin.r.29	LJMOAE_02780	-	GT2(7-165)	GT2	GT2	N	3	PQ
CMC006.B.bin.r.29	LJMOAE_03115	-	GT2(139-355)	GT2	GT2	N	3	PQ
CMC006.B.bin.r.29	LJMOAE_03175	-	GH177(22-289)	-	-	N	1	PQ
CMC006.B.bin.r.29	LJMOAE_03215	-	GT2(10-133)	GT2	-	N	2	PQ
CMC006.B.bin.r.29	LJMOAE_05055	-	GT4(185-324)	GT4_e2752	GT4	N	3	PQ
CMC006.B.bin.r.29	LJMOAE_05060	-	GT4(201-347)	GT4_e3262	GT4	N	3	PQ
CMC006.B.bin.r.29	LJMOAE_05960	1.1.3.38:1	AA4(5-205)	AA4_e0	-	N	2	PQ
CMC006.B.bin.r.29	LJMOAE_02795	-	-	GT4_e804	GT4	N	2	PQ
CMC006.B.bin.r.29	LJMOAE_02845	-	-	GT1_e385	-	N	1	PQ
CMC006.B.bin.r.29	LJMOAE_00125	-	-	-	GT7	N	1	PQ
CMC006.B.bin.r.29	LJMOAE_01210	-	-	-	GH130	N	1	PQ
CMC006.B.bin.r.29	LJMOAE_01955	-	-	-	GH13_23	N	1	PQ
CMC006.B.bin.r.29	LJMOAE_02190	-	-	-	GT83	N	1	PQ
CMC006.B.bin.r.29	LJMOAE_02585	-	-	-	GH28	N	1	PQ
CMC006.B.bin.r.29	LJMOAE_03330	-	-	-	CBM50	N	1	PQ
CMC006.B.bin.r.29	LJMOAE_03390	-	-	-	GH13_31	N	1	PQ
CMC006.B.bin.r.29	LJMOAE_04410	-	-	-	GT2	N	1	PQ
CMC006.B.bin.r.29	LJMOAE_04845	-	-	-	CBM20	N	1	PQ
CMC010.B.bin.r.61	IDBDOB_00055	-	GT66(72-511)	GT66_e20	GT66	N	3	PQ
CMC010.B.bin.r.61	IDBDOB_01360	-	AA4(5-206)	AA4_e1	-	N	2	PQ
CMC010.B.bin.r.61	IDBDOB_02125	-	GT2(7-165)	GT2	GT2	N	3	PQ
CMC010.B.bin.r.61	IDBDOB_02230	-	AA7(39-224)	AA4_e1	-	N	2	PQ
CMC010.B.bin.r.61	IDBDOB_03205	-	GT4(185-324)	GT4_e2752	GT4	N	3	PQ
CMC010.B.bin.r.61	IDBDOB_03210	-	GT4(201-347)	GT4_e3262	GT4	N	3	PQ
CMC010.B.bin.r.61	IDBDOB_04130	-	GT2(10-133)	GT2	-	N	2	PQ
CMC010.B.bin.r.61	IDBDOB_02110	-	-	GT2	GT2	N	2	PQ
CMC010.B.bin.r.61	IDBDOB_02140	-	-	GT4_e804	GT4	N	2	PQ
CMC010.B.bin.r.61	IDBDOB_02190	-	-	GT1_e385	-	N	1	PQ
CMC010.B.bin.r.61	IDBDOB_00020	-	-	-	GT7	N	1	PQ
CMC010.B.bin.r.61	IDBDOB_01155	-	-	-	GH28	N	1	PQ
CMC010.B.bin.r.61	IDBDOB_01655	-	-	-	CBM20	N	1	PQ
CMC010.B.bin.r.61	IDBDOB_01705	-	-	-	GH130	N	1	PQ
CMC010.B.bin.r.61	IDBDOB_04455	-	-	-	GH13_23	N	1	PQ
CMC010.B.bin.r.61	IDBDOB_04840	-	-	-	GH13_31	N	1	PQ
CMC010.B.bin.r.61	IDBDOB_04985	-	-	-	GT2	N	1	PQ
CMC011.B.bin.r.30	KCMGAG_02545	-	GT66(72-511)	GT66_e20	GT66	N	3	PQ
CMC011.B.bin.r.30	KCMGAG_03495	-	AA7(39-224)	AA4_e1	-	N	2	PQ
CMC011.B.bin.r.30	KCMGAG_04365	-	AA4(5-205)	AA4_e1	-	N	2	PQ
CMC011.B.bin.r.30	KCMGAG_04965	-	GT2(7-165)	GT2	GT2	N	3	PQ
CMC011.B.bin.r.30	KCMGAG_04985	-	GT2(149-365)	GT2	GT2	N	3	PQ
CMC011.B.bin.r.30	KCMGAG_05375	-	GT4(201-347)	GT4_e3262	GT4	N	3	PQ
CMC011.B.bin.r.30	KCMGAG_05380	-	GT4(185-324)	GT4_e2752	GT4	N	3	PQ
CMC011.B.bin.r.30	KCMGAG_04905	-	-	GT1_e385	-	N	1	PQ
CMC011.B.bin.r.30	KCMGAG_04950	-	-	GT4_e804	GT4	N	2	PQ
CMC011.B.bin.r.30	KCMGAG_00610	-	-	-	GH13_31	N	1	PQ
CMC011.B.bin.r.30	KCMGAG_01595	-	-	-	GH28	N	1	PQ
CMC011.B.bin.r.30	KCMGAG_02135	-	-	-	GH13_23	N	1	PQ
CMC011.B.bin.r.30	KCMGAG_02580	-	-	-	GT7	N	1	PQ
CMC011.B.bin.r.30	KCMGAG_02950	-	-	-	GH130	N	1	PQ
CMC011.B.bin.r.30	KCMGAG_03865	-	-	-	GT83	N	1	PQ
CMC011.B.bin.r.30	KCMGAG_05665	-	-	-	GT2	N	1	PQ
CMC011.B.bin.r.30	KCMGAG_05950	-	-	-	CBM50	N	1	PQ
CMC011.B.bin.r.30	KCMGAG_06530	-	-	-	CBM20	N	1	PQ
CMC012.B.bin.r.64	ENGDEP_00075	-	GT4(185-324)	GT4_e2752	GT4	N	3	PQ
CMC012.B.bin.r.64	ENGDEP_00080	-	GT4(201-347)	GT4_e3262	GT4	N	3	PQ
CMC012.B.bin.r.64	ENGDEP_00650	-	GT66(72-511)	GT66_e20	GT66	N	3	PQ
CMC012.B.bin.r.64	ENGDEP_01735	-	AA7(39-224)	AA4_e1	-	N	2	PQ
CMC012.B.bin.r.64	ENGDEP_05825	1.1.3.38:1	AA4(5-205)	AA4_e0	-	N	2	PQ
CMC012.B.bin.r.64	ENGDEP_06090	-	GH177(22-289)	-	-	N	1	PQ
CMC012.B.bin.r.64	ENGDEP_06130	-	GT2(10-130)	GT2	-	N	2	PQ
CMC012.B.bin.r.64	ENGDEP_06690	-	GT2(7-165)	GT2	GT2	N	3	PQ
CMC012.B.bin.r.64	ENGDEP_06025	-	-	GT2	-	N	1	PQ
CMC012.B.bin.r.64	ENGDEP_06630	-	-	GT1_e385	-	N	1	PQ
CMC012.B.bin.r.64	ENGDEP_06675	-	-	GT4_e804	GT4	N	2	PQ
CMC012.B.bin.r.64	ENGDEP_00195	-	-	-	CBM20	N	1	PQ
CMC012.B.bin.r.64	ENGDEP_00245	-	-	-	GH130	N	1	PQ
CMC012.B.bin.r.64	ENGDEP_00615	-	-	-	GT7	N	1	PQ
CMC012.B.bin.r.64	ENGDEP_01365	-	-	-	GT83	N	1	PQ
CMC012.B.bin.r.64	ENGDEP_02100	-	-	-	GH28	N	1	PQ
CMC012.B.bin.r.64	ENGDEP_02525	-	-	-	GH13_31	N	1	PQ
CMC012.B.bin.r.64	ENGDEP_03160	-	-	-	GT2	N	1	PQ
CMC012.B.bin.r.64	ENGDEP_03770	-	-	-	GH13_23	N	1	PQ
CMC012.B.bin.r.64	ENGDEP_06740	-	-	-	CBM50	N	1	PQ
CMC016.B.bin.r.37	KEBLHB_00540	-	GT66(72-511)	GT66_e20	GT66	N	3	PQ
CMC016.B.bin.r.37	KEBLHB_01620	-	AA7(39-224)	AA4_e1	-	N	2	PQ
CMC016.B.bin.r.37	KEBLHB_04010	1.1.3.38:1	AA4(5-205)	AA4_e0	-	N	2	PQ
CMC016.B.bin.r.37	KEBLHB_05115	-	GT2(7-165)	GT2	GT2	N	3	PQ
CMC016.B.bin.r.37	KEBLHB_05685	-	GT4(185-324)	GT4_e2752	GT4	N	3	PQ
CMC016.B.bin.r.37	KEBLHB_05690	-	GT4(201-347)	GT4_e3262	GT4	N	3	PQ
CMC016.B.bin.r.37	KEBLHB_05130	-	-	GT4_e804	GT4	N	2	PQ
CMC016.B.bin.r.37	KEBLHB_05175	-	-	GT1_e385	-	N	1	PQ
CMC016.B.bin.r.37	KEBLHB_00085	-	-	-	CBM20	N	1	PQ
CMC016.B.bin.r.37	KEBLHB_00135	-	-	-	GH130	N	1	PQ
CMC016.B.bin.r.37	KEBLHB_00505	-	-	-	GT7	N	1	PQ
CMC016.B.bin.r.37	KEBLHB_01255	-	-	-	GT83	N	1	PQ
CMC016.B.bin.r.37	KEBLHB_01990	-	-	-	GH28	N	1	PQ
CMC016.B.bin.r.37	KEBLHB_02860	-	-	-	GH13_31	N	1	PQ
CMC016.B.bin.r.37	KEBLHB_03155	-	-	-	GH13_23	N	1	PQ
CMC016.B.bin.r.37	KEBLHB_05335	-	-	-	GT2	N	1	PQ
CMC016.B.bin.r.37	KEBLHB_05770	-	-	-	CBM50	N	1	PQ
CMC017.B.bin.r.61	MFGDLA_00700	-	AA7(39-224)	AA4_e1	-	N	2	PQ
CMC017.B.bin.r.61	MFGDLA_02635	-	GT66(72-511)	GT66_e20	GT66	N	3	PQ
CMC017.B.bin.r.61	MFGDLA_04170	1.1.3.38:1	AA4(5-205)	AA4_e0	-	N	2	PQ
CMC017.B.bin.r.61	MFGDLA_04580	-	GT2(7-165)	GT2	GT2	N	3	PQ
CMC017.B.bin.r.61	MFGDLA_05380	-	GT2(10-133)	GT2	-	N	2	PQ
CMC017.B.bin.r.61	MFGDLA_05690	-	GT4(185-324)	GT4_e2752	GT4	N	3	PQ
CMC017.B.bin.r.61	MFGDLA_05695	-	GT4(201-347)	GT4_e3262	GT4	N	3	PQ
CMC017.B.bin.r.61	MFGDLA_04520	-	-	GT1_e385	-	N	1	PQ
CMC017.B.bin.r.61	MFGDLA_04565	-	-	GT4_e804	GT4	N	2	PQ
CMC017.B.bin.r.61	MFGDLA_04600	-	-	GT2	GT2	N	2	PQ
CMC017.B.bin.r.61	MFGDLA_00335	-	-	-	GH28	N	1	PQ
CMC017.B.bin.r.61	MFGDLA_01070	-	-	-	GT83	N	1	PQ
CMC017.B.bin.r.61	MFGDLA_01425	-	-	-	GH13_23	N	1	PQ
CMC017.B.bin.r.61	MFGDLA_02600	-	-	-	GT7	N	1	PQ
CMC017.B.bin.r.61	MFGDLA_02815	-	-	-	GT2	N	1	PQ
CMC017.B.bin.r.61	MFGDLA_03835	-	-	-	GH130	N	1	PQ
CMC017.B.bin.r.61	MFGDLA_03885	-	-	-	CBM20	N	1	PQ
CMC017.B.bin.r.61	MFGDLA_05000	-	-	-	GH13_31	N	1	PQ
CMC018.B.bin.r.113	EPJLML_00070	-	AA7(39-224)	AA4_e1	-	N	2	PQ
CMC018.B.bin.r.113	EPJLML_01115	-	GT66(72-511)	GT66_e20	GT66	N	3	PQ
CMC018.B.bin.r.113	EPJLML_01685	-	GT4(201-347)	GT4_e3262	GT4	N	3	PQ
CMC018.B.bin.r.113	EPJLML_01690	-	GT4(185-324)	GT4_e2752	GT4	N	3	PQ
CMC018.B.bin.r.113	EPJLML_05750	-	GT2(10-131)	GT2	-	N	2	PQ
CMC018.B.bin.r.113	EPJLML_05775	-	GT2(5-133)	GT2	-	N	2	PQ
CMC018.B.bin.r.113	EPJLML_05780	-	GT2(5-148)	GT2	-	N	2	PQ
CMC018.B.bin.r.113	EPJLML_05820	-	GT2(149-365)	GT2	GT2	N	3	PQ
CMC018.B.bin.r.113	EPJLML_05835	-	GT2(7-165)	GT2	GT2	N	3	PQ
CMC018.B.bin.r.113	EPJLML_06275	1.1.3.38:1	AA4(5-205)	AA4_e0	-	N	2	PQ
CMC018.B.bin.r.113	EPJLML_05850	-	-	GT4_e804	GT4	N	2	PQ
CMC018.B.bin.r.113	EPJLML_05900	-	-	GT1_e385	-	N	1	PQ
CMC018.B.bin.r.113	EPJLML_00440	-	-	-	GT83	N	1	PQ
CMC018.B.bin.r.113	EPJLML_01150	-	-	-	GT7	N	1	PQ
CMC018.B.bin.r.113	EPJLML_01515	-	-	-	GH130	N	1	PQ
CMC018.B.bin.r.113	EPJLML_01565	-	-	-	CBM20	N	1	PQ
CMC018.B.bin.r.113	EPJLML_01910	-	-	-	GH13_31	N	1	PQ
CMC018.B.bin.r.113	EPJLML_02510	-	-	-	GT2	N	1	PQ
CMC018.B.bin.r.113	EPJLML_04020	-	-	-	GH28	N	1	PQ
CMC018.B.bin.r.113	EPJLML_04425	-	-	-	CBM50	N	1	PQ
CMC018.B.bin.r.113	EPJLML_05185	-	-	-	GH13_23	N	1	PQ
CMC022.B.bin.r.79	CMBHFH_00545	-	GT66(72-511)	GT66_e20	GT66	N	3	PQ
CMC022.B.bin.r.79	CMBHFH_01640	-	AA7(39-224)	AA4_e1	-	N	2	PQ
CMC022.B.bin.r.79	CMBHFH_04140	-	GT2(10-132)	GT2	-	N	2	PQ
CMC022.B.bin.r.79	CMBHFH_05970	-	GT4(201-347)	GT4_e3262	GT4	N	3	PQ
CMC022.B.bin.r.79	CMBHFH_05975	-	GT4(185-324)	GT4_e2752	GT4	N	3	PQ
CMC022.B.bin.r.79	CMBHFH_06465	1.1.3.38:1	AA4(5-205)	AA4_e0	-	N	2	PQ
CMC022.B.bin.r.79	CMBHFH_00090	-	-	-	CBM20	N	1	PQ
CMC022.B.bin.r.79	CMBHFH_00140	-	-	-	GH130	N	1	PQ
CMC022.B.bin.r.79	CMBHFH_00510	-	-	-	GT7	N	1	PQ
CMC022.B.bin.r.79	CMBHFH_01270	-	-	-	GT83	N	1	PQ
CMC022.B.bin.r.79	CMBHFH_01795	-	-	-	GT2	N	1	PQ
CMC022.B.bin.r.79	CMBHFH_02400	-	-	-	GH13_31	N	1	PQ
CMC022.B.bin.r.79	CMBHFH_02860	-	-	-	GH28	N	1	PQ
CMC022.B.bin.r.79	CMBHFH_04400	-	-	-	GH13_23	N	1	PQ
CMC022.B.bin.r.79	CMBHFH_04770	-	-	-	CBM50	N	1	PQ
CMC023.A.bin.r.63	MNANHK_00130	-	GT4(185-324)	GT4_e2752	GT4	N	3	PQ
CMC023.A.bin.r.63	MNANHK_00135	-	GT4(201-347)	GT4_e3262	GT4	N	3	PQ
CMC023.A.bin.r.63	MNANHK_00720	-	GT66(72-511)	GT66_e20	GT66	N	3	PQ
CMC023.A.bin.r.63	MNANHK_01775	-	AA7(39-224)	AA4_e1	-	N	2	PQ
CMC023.A.bin.r.63	MNANHK_04735	-	AA4(5-205)	AA4_e1	-	N	2	PQ
CMC023.A.bin.r.63	MNANHK_06245	-	GT2(7-165)	GT2	GT2	N	3	PQ
CMC023.A.bin.r.63	MNANHK_06265	-	GT2(149-365)	GT2	GT2	N	3	PQ
CMC023.A.bin.r.63	MNANHK_06935	-	GT2(10-131)	GT2	-	N	2	PQ
CMC023.A.bin.r.63	MNANHK_06960	-	GT2(5-133)	GT2	-	N	2	PQ
CMC023.A.bin.r.63	MNANHK_06965	-	GT2(5-148)	GT2	-	N	2	PQ
CMC023.A.bin.r.63	MNANHK_06180	-	-	GT1_e385	-	N	1	PQ
CMC023.A.bin.r.63	MNANHK_06230	-	-	GT4_e804	GT4	N	2	PQ
CMC023.A.bin.r.63	MNANHK_00260	-	-	-	CBM20	N	1	PQ
CMC023.A.bin.r.63	MNANHK_00310	-	-	-	GH130	N	1	PQ
CMC023.A.bin.r.63	MNANHK_00685	-	-	-	GT7	N	1	PQ
CMC023.A.bin.r.63	MNANHK_01405	-	-	-	GT83	N	1	PQ
CMC023.A.bin.r.63	MNANHK_02165	-	-	-	GH28	N	1	PQ
CMC023.A.bin.r.63	MNANHK_03475	-	-	-	GH13_31	N	1	PQ
CMC023.A.bin.r.63	MNANHK_03715	-	-	-	GH13_23	N	1	PQ
CMC023.A.bin.r.63	MNANHK_05120	-	-	-	CBM50	N	1	PQ
CMC023.A.bin.r.63	MNANHK_06565	-	-	-	GT2	N	1	PQ
CMC024.B.bin.r.44	GLDDOH_01555	-	AA7(39-224)	AA4_e1	-	N	2	PQ
CMC024.B.bin.r.44	GLDDOH_03155	-	GT66(72-511)	GT66_e20	GT66	N	3	PQ
CMC024.B.bin.r.44	GLDDOH_04820	-	GT2(149-365)	GT2	GT2	N	3	PQ
CMC024.B.bin.r.44	GLDDOH_04840	-	GT2(1-129)	GT2	GT2	N	3	PQ
CMC024.B.bin.r.44	GLDDOH_05665	1.1.3.38:1	AA4(5-205)	AA4_e0	-	N	2	PQ
CMC024.B.bin.r.44	GLDDOH_05850	-	GT4(201-347)	GT4_e3262	GT4	N	3	PQ
CMC024.B.bin.r.44	GLDDOH_05855	-	GT4(185-324)	GT4_e2752	GT4	N	3	PQ
CMC024.B.bin.r.44	GLDDOH_04855	-	-	GT4_e804	GT4	N	2	PQ
CMC024.B.bin.r.44	GLDDOH_04900	-	-	GT1_e385	-	N	1	PQ
CMC024.B.bin.r.44	GLDDOH_00630	-	-	-	GH13_31	N	1	PQ
CMC024.B.bin.r.44	GLDDOH_01185	-	-	-	GT83	N	1	PQ
CMC024.B.bin.r.44	GLDDOH_01900	-	-	-	GH28	N	1	PQ
CMC024.B.bin.r.44	GLDDOH_02920	-	-	-	GH13_23	N	1	PQ
CMC024.B.bin.r.44	GLDDOH_03120	-	-	-	GT7	N	1	PQ
CMC024.B.bin.r.44	GLDDOH_04545	-	-	-	GH130	N	1	PQ
CMC024.B.bin.r.44	GLDDOH_04595	-	-	-	CBM20	N	1	PQ
CMC025.B.bin.r.30	PHGONB_01075	-	GT66(72-511)	GT66_e20	GT66	N	3	PQ
CMC025.B.bin.r.30	PHGONB_01265	-	AA7(39-224)	AA4_e1	-	N	2	PQ
CMC025.B.bin.r.30	PHGONB_02630	1.1.3.38:1	AA4(5-205)	AA4_e0	-	N	2	PQ
CMC025.B.bin.r.30	PHGONB_03885	-	GT2(7-165)	GT2	GT2	N	3	PQ
CMC025.B.bin.r.30	PHGONB_04835	-	GT2(10-130)	GT2	-	N	2	PQ
CMC025.B.bin.r.30	PHGONB_05975	-	GT4(185-324)	GT4_e2752	GT4	N	3	PQ
CMC025.B.bin.r.30	PHGONB_05980	-	GT4(198-344)	GT4_e3262	GT4	N	3	PQ
CMC025.B.bin.r.30	PHGONB_03900	-	-	GT4_e804	GT4	N	2	PQ
CMC025.B.bin.r.30	PHGONB_03945	-	-	GT1_e385	-	N	1	PQ
CMC025.B.bin.r.30	PHGONB_06035	-	-	GT2	-	N	1	PQ
CMC025.B.bin.r.30	PHGONB_00090	-	-	-	GH28	N	1	PQ
CMC025.B.bin.r.30	PHGONB_00505	-	-	-	CBM20	N	1	PQ
CMC025.B.bin.r.30	PHGONB_00555	-	-	-	GH130	N	1	PQ
CMC025.B.bin.r.30	PHGONB_01110	-	-	-	GT7	N	1	PQ
CMC025.B.bin.r.30	PHGONB_01635	-	-	-	GT83	N	1	PQ
CMC025.B.bin.r.30	PHGONB_02975	-	-	-	GH13_23	N	1	PQ
CMC025.B.bin.r.30	PHGONB_04325	-	-	-	GT2	N	1	PQ
CMC025.B.bin.r.30	PHGONB_05760	-	-	-	CBM50	N	1	PQ
CMC025.B.bin.r.30	PHGONB_06455	-	-	-	GH13_31	N	1	PQ
CMC026.B.bin.r.18	LOBJEH_00540	-	GT66(83-524)	GT66_e20	GT66	N	3	PQ
CMC026.B.bin.r.18	LOBJEH_01755	-	AA4(38-240)	AA4_e1	-	N	2	PQ
CMC026.B.bin.r.18	LOBJEH_05400	-	GT2(8-138)	GT2	GT2	N	3	PQ
CMC026.B.bin.r.18	LOBJEH_05790	-	GT2(10-130)	GT2	-	N	2	PQ
CMC026.B.bin.r.18	LOBJEH_05830	-	GH177(22-289)	-	-	N	1	PQ
CMC026.B.bin.r.18	LOBJEH_05900	-	GT2(6-165)	GT2	GT2	N	3	PQ
CMC026.B.bin.r.18	LOBJEH_06030	-	GT4(185-324)	GT4_e2752	GT4	N	3	PQ
CMC026.B.bin.r.18	LOBJEH_06035	-	GT4(198-339)	GT4_e3262	GT4	N	3	PQ
CMC026.B.bin.r.18	LOBJEH_06270	1.1.3.38:1	AA4(5-206)	AA4_e0	-	N	2	PQ
CMC026.B.bin.r.18	LOBJEH_05695	-	-	GT1_e385	-	N	1	PQ
CMC026.B.bin.r.18	LOBJEH_05890	-	-	GT2	GT2	N	2	PQ
CMC026.B.bin.r.18	LOBJEH_00180	-	-	-	GH130	N	1	PQ
CMC026.B.bin.r.18	LOBJEH_00505	-	-	-	GT7	N	1	PQ
CMC026.B.bin.r.18	LOBJEH_01390	-	-	-	GT83	N	1	PQ
CMC026.B.bin.r.18	LOBJEH_02275	-	-	-	GH28	N	1	PQ
CMC026.B.bin.r.18	LOBJEH_03580	-	-	-	GT2	N	1	PQ
CMC026.B.bin.r.18	LOBJEH_04490	-	-	-	CBM50	N	1	PQ
CMC026.B.bin.r.18	LOBJEH_05385	-	-	-	GH13_31	N	1	PQ
CMC026.B.bin.r.18	LOBJEH_07470	-	-	-	GH13_23	N	1	PQ
CMC027.B.bin.r.16	GPMGHP_01145	-	AA7(39-224)	AA4_e1	-	N	2	PQ
CMC027.B.bin.r.16	GPMGHP_03190	-	GT2(2-158)	GT2	GT2	N	3	PQ
CMC027.B.bin.r.16	GPMGHP_03205	-	GT2(106-322)	GT2	GT2	N	3	PQ
CMC027.B.bin.r.16	GPMGHP_04325	-	GT4(198-344)	GT4_e3262	GT4	N	3	PQ
CMC027.B.bin.r.16	GPMGHP_04330	-	GT4(185-324)	GT4_e2752	GT4	N	3	PQ
CMC027.B.bin.r.16	GPMGHP_04575	-	AA4(5-205)	AA4_e1	-	N	2	PQ
CMC027.B.bin.r.16	GPMGHP_05590	-	GT2(10-133)	GT2	-	N	2	PQ
CMC027.B.bin.r.16	GPMGHP_03175	-	-	GT4_e804	GT4	N	2	PQ
CMC027.B.bin.r.16	GPMGHP_04105	-	-	GT1_e385	-	N	1	PQ
CMC027.B.bin.r.16	GPMGHP_00345	-	-	-	GH28	N	1	PQ
CMC027.B.bin.r.16	GPMGHP_00860	-	-	-	GH130	N	1	PQ
CMC027.B.bin.r.16	GPMGHP_00910	-	-	-	CBM20	N	1	PQ
CMC027.B.bin.r.16	GPMGHP_01745	-	-	-	GT7	N	1	PQ
CMC027.B.bin.r.16	GPMGHP_03340	-	-	-	GH13_23	N	1	PQ
CMC027.B.bin.r.16	GPMGHP_03390	-	-	-	GT66	N	1	PQ
CMC027.B.bin.r.16	GPMGHP_04455	-	-	-	GH13_31	N	1	PQ
CMC035.B.bin.r.25	PJGADE_00735	-	GT2(10-131)	GT2	-	N	2	PQ
CMC035.B.bin.r.25	PJGADE_00805	-|-	GT2(5-133)+GT2(321-453)	GT2+GT2	GT2	N	3	PQ
CMC035.B.bin.r.25	PJGADE_00830	-	GT2(139-355)	GT2	GT2	N	3	PQ
CMC035.B.bin.r.25	PJGADE_00845	-	GT2(7-165)	GT2	GT2	N	3	PQ
CMC035.B.bin.r.25	PJGADE_01130	-	GT4(185-324)	GT4_e2752	GT4	N	3	PQ
CMC035.B.bin.r.25	PJGADE_01135	-	GT4(201-347)	GT4_e3262	GT4	N	3	PQ
CMC035.B.bin.r.25	PJGADE_01700	-	GT66(72-511)	GT66_e20	GT66	N	3	PQ
CMC035.B.bin.r.25	PJGADE_02515	1.1.3.38:1	AA4(5-205)	AA4_e0	-	N	2	PQ
CMC035.B.bin.r.25	PJGADE_05580	-	AA7(39-224)	AA4_e1	-	N	2	PQ
CMC035.B.bin.r.25	PJGADE_00860	-	-	GT4_e804	GT4	N	2	PQ
CMC035.B.bin.r.25	PJGADE_00910	-	-	GT1_e385	-	N	1	PQ
CMC035.B.bin.r.25	PJGADE_00460	-	-	-	GH13_23	N	1	PQ
CMC035.B.bin.r.25	PJGADE_01250	-	-	-	CBM20	N	1	PQ
CMC035.B.bin.r.25	PJGADE_01300	-	-	-	GH130	N	1	PQ
CMC035.B.bin.r.25	PJGADE_01665	-	-	-	GT7	N	1	PQ
CMC035.B.bin.r.25	PJGADE_02745	-	-	-	GH13_31	N	1	PQ
CMC035.B.bin.r.25	PJGADE_03345	-	-	-	GT2	N	1	PQ
CMC035.B.bin.r.25	PJGADE_04315	-	-	-	GH28	N	1	PQ
CMC035.B.bin.r.25	PJGADE_04710	-	-	-	CBM50	N	1	PQ
CMC035.B.bin.r.25	PJGADE_05210	-	-	-	GT83	N	1	PQ
CMC038.A.bin.r.14	IPJDBA_02045	-	GT66(72-511)	GT66_e20	GT66	N	3	PQ
CMC038.A.bin.r.14	IPJDBA_03525	-	GT4(201-347)	GT4_e3262	GT4	N	3	PQ
CMC038.A.bin.r.14	IPJDBA_03530	-	GT4(185-324)	GT4_e2752	GT4	N	3	PQ
CMC038.A.bin.r.14	IPJDBA_03680	-	AA7(39-224)	AA4_e1	-	N	2	PQ
CMC038.A.bin.r.14	IPJDBA_04225	-	GT2(7-165)	GT2	GT2	N	3	PQ
CMC038.A.bin.r.14	IPJDBA_04280	-	GT2(5-148)	GT2	-	N	2	PQ
CMC038.A.bin.r.14	IPJDBA_04285	-	GT2(5-133)	GT2	-	N	2	PQ
CMC038.A.bin.r.14	IPJDBA_04310	-	GT2(10-133)	GT2	-	N	2	PQ
CMC038.A.bin.r.14	IPJDBA_06280	1.1.3.38:1	AA4(5-205)	AA4_e0	-	N	2	PQ
CMC038.A.bin.r.14	IPJDBA_04160	-	-	GT1_e385	-	N	1	PQ
CMC038.A.bin.r.14	IPJDBA_04210	-	-	GT4_e804	GT4	N	2	PQ
CMC038.A.bin.r.14	IPJDBA_04240	-	-	GT2	GT2	N	2	PQ
CMC038.A.bin.r.14	IPJDBA_00930	-	-	-	GH28	N	1	PQ
CMC038.A.bin.r.14	IPJDBA_01450	-	-	-	GH13_23	N	1	PQ
CMC038.A.bin.r.14	IPJDBA_02010	-	-	-	GT7	N	1	PQ
CMC038.A.bin.r.14	IPJDBA_02620	-	-	-	GH13_31	N	1	PQ
CMC038.A.bin.r.14	IPJDBA_03225	-	-	-	GT2	N	1	PQ
CMC038.A.bin.r.14	IPJDBA_03360	-	-	-	GH130	N	1	PQ
CMC038.A.bin.r.14	IPJDBA_03410	-	-	-	CBM20	N	1	PQ
CMC038.A.bin.r.14	IPJDBA_04050	-	-	-	GT83	N	1	PQ
CMC038.A.bin.r.14	IPJDBA_05060	-	-	-	CBM50	N	1	PQ
CMC038.B.bin.r.37	EFMLGM_00105	-	GT4(185-324)	GT4_e2752	GT4	N	3	PQ
CMC038.B.bin.r.37	EFMLGM_00110	-	GT4(201-347)	GT4_e3262	GT4	N	3	PQ
CMC038.B.bin.r.37	EFMLGM_00705	-	GT66(72-511)	GT66_e20	GT66	N	3	PQ
CMC038.B.bin.r.37	EFMLGM_02075	-	GT2(10-133)	GT2	-	N	2	PQ
CMC038.B.bin.r.37	EFMLGM_02100	-	GT2(5-133)	GT2	-	N	2	PQ
CMC038.B.bin.r.37	EFMLGM_02105	-	GT2(5-148)	GT2	-	N	2	PQ
CMC038.B.bin.r.37	EFMLGM_02160	-	GT2(7-165)	GT2	GT2	N	3	PQ
CMC038.B.bin.r.37	EFMLGM_02570	1.1.3.38:1	AA4(5-205)	AA4_e0	-	N	2	PQ
CMC038.B.bin.r.37	EFMLGM_04840	-	AA7(39-224)	AA4_e1	-	N	2	PQ
CMC038.B.bin.r.37	EFMLGM_02145	-	-	GT2	GT2	N	2	PQ
CMC038.B.bin.r.37	EFMLGM_02175	-	-	GT4_e804	GT4	N	2	PQ
CMC038.B.bin.r.37	EFMLGM_02225	-	-	GT1_e385	-	N	1	PQ
CMC038.B.bin.r.37	EFMLGM_00235	-	-	-	CBM20	N	1	PQ
CMC038.B.bin.r.37	EFMLGM_00285	-	-	-	GH130	N	1	PQ
CMC038.B.bin.r.37	EFMLGM_00670	-	-	-	GT7	N	1	PQ
CMC038.B.bin.r.37	EFMLGM_01795	-	-	-	GH13_23	N	1	PQ
CMC038.B.bin.r.37	EFMLGM_02825	-	-	-	GH13_31	N	1	PQ
CMC038.B.bin.r.37	EFMLGM_04015	-	-	-	GH28	N	1	PQ
CMC038.B.bin.r.37	EFMLGM_04480	-	-	-	GT83	N	1	PQ
CMC038.B.bin.r.37	EFMLGM_05285	-	-	-	GT2	N	1	PQ
CMC038.B.bin.r.37	EFMLGM_05910	-	-	-	CBM50	N	1	PQ
CMC039.B.bin.r.17	OOFBNI_00590	-	GT66(72-511)	GT66_e20	GT66	N	3	PQ
CMC039.B.bin.r.17	OOFBNI_02595	-	AA7(39-224)	AA4_e1	-	N	2	PQ
CMC039.B.bin.r.17	OOFBNI_03640	-	GT2(7-165)	GT2	GT2	N	3	PQ
CMC039.B.bin.r.17	OOFBNI_03665	-	GT2(149-365)	GT2	GT2	N	3	PQ
CMC039.B.bin.r.17	OOFBNI_03690	-	GT2(51-183)	GT2	-	N	2	PQ
CMC039.B.bin.r.17	OOFBNI_05245	-	GT2(10-131)	GT2	-	N	2	PQ
CMC039.B.bin.r.17	OOFBNI_05620	1.1.3.38:1	AA4(5-205)	AA4_e0	-	N	2	PQ
CMC039.B.bin.r.17	OOFBNI_06295	-	GT4(198-344)	GT4_e3262	GT4	N	3	PQ
CMC039.B.bin.r.17	OOFBNI_06300	-	GT4(185-324)	GT4_e2752	GT4	N	3	PQ
CMC039.B.bin.r.17	OOFBNI_03580	-	-	GT1_e385	-	N	1	PQ
CMC039.B.bin.r.17	OOFBNI_03625	-	-	GT4_e804	GT4	N	2	PQ
CMC039.B.bin.r.17	OOFBNI_00625	-	-	-	GT7	N	1	PQ
CMC039.B.bin.r.17	OOFBNI_00990	-	-	-	GH130	N	1	PQ
CMC039.B.bin.r.17	OOFBNI_01040	-	-	-	CBM20	N	1	PQ
CMC039.B.bin.r.17	OOFBNI_01955	-	-	-	GH28	N	1	PQ
CMC039.B.bin.r.17	OOFBNI_02235	-	-	-	GT83	N	1	PQ
CMC039.B.bin.r.17	OOFBNI_02900	-	-	-	GH13_23	N	1	PQ
CMC039.B.bin.r.17	OOFBNI_04865	-	-	-	GT2	N	1	PQ
CMC039.B.bin.r.17	OOFBNI_06620	-	-	-	CBM50	N	1	PQ
CMC039.B.bin.r.17	OOFBNI_06825	-	-	-	GH13_31	N	1	PQ
CMC042.B.bin.r.11	KKHDKD_00130	-	AA4(38-240)	AA4_e1	-	N	2	PQ
CMC042.B.bin.r.11	KKHDKD_01635	-	GT66(83-524)	GT66_e20	GT66	N	3	PQ
CMC042.B.bin.r.11	KKHDKD_03650	-	GT4(198-339)	GT4_e3262	GT4	N	3	PQ
CMC042.B.bin.r.11	KKHDKD_03655	-	GT4(185-324)	GT4_e2752	GT4	N	3	PQ
CMC042.B.bin.r.11	KKHDKD_03760	-	GT2(6-165)	GT2	GT2	N	3	PQ
CMC042.B.bin.r.11	KKHDKD_03835	-	GH177(22-289)	-	-	N	1	PQ
CMC042.B.bin.r.11	KKHDKD_03875	-	GT2(10-130)	GT2	-	N	2	PQ
CMC042.B.bin.r.11	KKHDKD_06340	-	GT2(8-138)	GT2	GT2	N	3	PQ
CMC042.B.bin.r.11	KKHDKD_06615	1.1.3.38:1	AA4(5-206)	AA4_e0	-	N	2	PQ
CMC042.B.bin.r.11	KKHDKD_03970	-	-	GT1_e385	-	N	1	PQ
CMC042.B.bin.r.11	KKHDKD_00495	-	-	-	GT83	N	1	PQ
CMC042.B.bin.r.11	KKHDKD_01270	-	-	-	GH130	N	1	PQ
CMC042.B.bin.r.11	KKHDKD_01600	-	-	-	GT7	N	1	PQ
CMC042.B.bin.r.11	KKHDKD_02675	-	-	-	CBM50	N	1	PQ
CMC042.B.bin.r.11	KKHDKD_03230	-	-	-	GH28	N	1	PQ
CMC042.B.bin.r.11	KKHDKD_04280	-	-	-	GT2	N	1	PQ
CMC042.B.bin.r.11	KKHDKD_05235	-	-	-	GH13_23	N	1	PQ
CMC042.B.bin.r.11	KKHDKD_06355	-	-	-	GH13_31	N	1	PQ
ERSX0005001.bin.r.3	OIEAOE_00595	-	AA7(39-224)	AA4_e1	-	N	2	AC
ERSX0005001.bin.r.3	OIEAOE_02515	-	GT66(72-511)	GT66_e20	GT66	N	3	AC
ERSX0005001.bin.r.3	OIEAOE_04370	-	GT4(198-344)	GT4_e3262	GT4	N	3	AC
ERSX0005001.bin.r.3	OIEAOE_04375	-	GT4(185-324)	GT4_e2752	GT4	N	3	AC
ERSX0005001.bin.r.3	OIEAOE_05880	1.1.3.38:1	AA4(5-205)	AA4_e0	-	N	2	AC
ERSX0005001.bin.r.3	OIEAOE_06430	-	-	GT1_e385	-	N	1	AC
ERSX0005001.bin.r.3	OIEAOE_00255	-	-	-	GH28	N	1	AC
ERSX0005001.bin.r.3	OIEAOE_01345	-	-	-	GH13_23	N	1	AC
ERSX0005001.bin.r.3	OIEAOE_02550	-	-	-	GT7	N	1	AC
ERSX0005001.bin.r.3	OIEAOE_03010	-	-	-	GT2	N	1	AC
ERSX0005001.bin.r.3	OIEAOE_03055	-	-	-	GT83	N	1	AC
ERSX0005001.bin.r.3	OIEAOE_03175	-	-	-	GH130	N	1	AC
ERSX0005001.bin.r.3	OIEAOE_03320	-	-	-	GH13_31	N	1	AC
ERSX0005001.bin.r.3	OIEAOE_04315	-	-	-	CBM20	N	1	AC
